epoch,checkpoint,calibration_path,calibration_onset_open,calibration_offset_open,calibration_ev_f1_mean,eval_ev_f1_mean,eval_ev_f1_mean_anypitch,eval_patk_onset_f1,eval_patk_note_f1,eval_onset_event_f1,eval_offset_event_f1
7,/home/achatzigiannis/tivit-logs/manual_training/checkpoints/epoch_7.pt,/home/achatzigiannis/tivit-logs/manual_training/sweeps/lowlogit_v1/epoch_007/calibration.json,0.068,0.01,0.0874839504358551,0.0882597472415953,0.21356704367610607,0.02196594789372134,0.0021965903980668334,0.0939414517830677,0.08257804270012291
8,/home/achatzigiannis/tivit-logs/manual_training/checkpoints/epoch_8.pt,/home/achatzigiannis/tivit-logs/manual_training/sweeps/lowlogit_v1/epoch_008/calibration.json,0.068,0.015,0.08605228010541444,0.08544216734008864,0.17244157735021778,0.02424241935861796,0.002203851865757697,0.08695651678453248,0.0839278178956448
9,/home/achatzigiannis/tivit-logs/manual_training/checkpoints/epoch_9.pt,/home/achatzigiannis/tivit-logs/manual_training/sweeps/lowlogit_v1/epoch_009/calibration.json,0.068,0.015,0.08530856477207863,0.08516848369773719,0.17280694090624443,0.02430938737784049,0.00220993986428235,0.08351647863560589,0.08682048875986847
23,/home/achatzigiannis/tivit-logs/manual_training/checkpoints/epoch_23.pt,/home/achatzigiannis/tivit-logs/manual_training/sweeps/lowlogit_v1/epoch_023/calibration.json,0.058,0.07,0.08472567896003438,0.08432899952330467,0.12039698058987719,0.014466541138540978,0.0012055405359468999,0.07904761440496626,0.08961038464164306
10,/home/achatzigiannis/tivit-logs/manual_training/checkpoints/epoch_10.pt,/home/achatzigiannis/tivit-logs/manual_training/sweeps/lowlogit_v1/epoch_010/calibration.json,0.068,0.02,0.08614893375557209,0.08384689546766759,0.1617127576204106,0.023476797781224766,0.0022358810682243267,0.08225351621497351,0.08544027472036167
12,/home/achatzigiannis/tivit-logs/manual_training/checkpoints/epoch_12.pt,/home/achatzigiannis/tivit-logs/manual_training/sweeps/lowlogit_v1/epoch_012/calibration.json,0.068,0.03,0.08420627764425138,0.08340051522038142,0.13847847450293266,0.020708441997242196,0.002179831643230441,0.08073929492749254,0.08606173551327029
26,/home/achatzigiannis/tivit-logs/manual_training/checkpoints/epoch_26.pt,/home/achatzigiannis/tivit-logs/manual_training/sweeps/lowlogit_v1/epoch_026/calibration.json,0.063,0.07,0.07959415199633665,0.08319167419405624,0.12345996589710924,0.007467325438499894,0.0,0.07910155780929116,0.08728179057882131
31,/home/achatzigiannis/tivit-logs/manual_training/checkpoints/epoch_31.pt,/home/achatzigiannis/tivit-logs/manual_training/sweeps/lowlogit_v1/epoch_031/calibration.json,0.068,0.07,0.08177233918194357,0.08281333390394781,0.12039698058987719,0.013546793043413165,0.001231522107622591,0.07927746640882857,0.08634920139906704
11,/home/achatzigiannis/tivit-logs/manual_training/checkpoints/epoch_11.pt,/home/achatzigiannis/tivit-logs/manual_training/sweeps/lowlogit_v1/epoch_011/calibration.json,0.058,0.025,0.08435485912082978,0.082449721161932,0.14725926388151744,0.0209712975423543,0.002207500633078807,0.07919846863605642,0.08570097368780759
54,/home/achatzigiannis/tivit-logs/manual_training/checkpoints/epoch_54.pt,/home/achatzigiannis/tivit-logs/manual_training/sweeps/lowlogit_v1/epoch_054/calibration.json,0.068,0.07,0.08148001631778906,0.08215816273858567,0.12345996589710924,0.012088645105993119,0.0013431783499417383,0.08165272525134619,0.08266360022582517
81,/home/achatzigiannis/tivit-logs/manual_training/checkpoints/epoch_81.pt,/home/achatzigiannis/tivit-logs/manual_training/sweeps/lowlogit_v1/epoch_081/calibration.json,0.063,0.05,0.07743626765429504,0.0817957316320638,0.12608300476705694,0.003981415041883398,0.0,0.09267734060886218,0.07091412265526541
16,/home/achatzigiannis/tivit-logs/manual_training/checkpoints/epoch_16.pt,/home/achatzigiannis/tivit-logs/manual_training/sweeps/lowlogit_v1/epoch_016/calibration.json,0.058,0.065,0.08154196630888515,0.08176945150935042,0.12345996589710924,0.015046291356572854,0.001157402467864177,0.07786115861440897,0.08567774440429185
14,/home/achatzigiannis/tivit-logs/manual_training/checkpoints/epoch_14.pt,/home/achatzigiannis/tivit-logs/manual_training/sweeps/lowlogit_v1/epoch_014/calibration.json,0.068,0.025,0.08076458513487678,0.08170223281993824,0.14725926388151744,0.020536218691635338,0.002281797699268913,0.07912296961668093,0.08428149602319555
25,/home/achatzigiannis/tivit-logs/manual_training/checkpoints/epoch_25.pt,/home/achatzigiannis/tivit-logs/manual_training/sweeps/lowlogit_v1/epoch_025/calibration.json,0.068,0.07,0.08055423388297767,0.08169112853175187,0.12345996589710924,0.007458043486961604,0.0,0.07999999533410393,0.08338226172939979
19,/home/achatzigiannis/tivit-logs/manual_training/checkpoints/epoch_19.pt,/home/achatzigiannis/tivit-logs/manual_training/sweeps/lowlogit_v1/epoch_019/calibration.json,0.063,0.07,0.08161920565641922,0.08098061845212748,0.12345996589710924,0.013994164149306883,0.0011661758112832972,0.07527393532786462,0.08668730157639035
13,/home/achatzigiannis/tivit-logs/manual_training/checkpoints/epoch_13.pt,/home/achatzigiannis/tivit-logs/manual_training/sweeps/lowlogit_v1/epoch_013/calibration.json,0.068,0.02,0.080488309603496,0.0809478917835713,0.15302020506192665,0.01950162027440788,0.0021668423764472037,0.07969274618165184,0.08220303738549076
55,/home/achatzigiannis/tivit-logs/manual_training/checkpoints/epoch_55.pt,/home/achatzigiannis/tivit-logs/manual_training/sweeps/lowlogit_v1/epoch_055/calibration.json,0.068,0.07,0.0791930764369526,0.08081251650005733,0.1232742260471015,0.005228753170007771,0.0,0.07893485032924259,0.08269018267087205
6,/home/achatzigiannis/tivit-logs/manual_training/checkpoints/epoch_6.pt,/home/achatzigiannis/tivit-logs/manual_training/sweeps/lowlogit_v1/epoch_006/calibration.json,0.043,0.015,0.08456410695765368,0.08068184861144453,0.1501489079448592,0.02175094673784624,0.0021750902943495185,0.09155936557816119,0.06980433164472787
20,/home/achatzigiannis/tivit-logs/manual_training/checkpoints/epoch_20.pt,/home/achatzigiannis/tivit-logs/manual_training/sweeps/lowlogit_v1/epoch_020/calibration.json,0.048,0.07,0.08076344826481521,0.08034941542914599,0.12308974545050284,0.011383034349039024,0.0011382990048378594,0.0754888540231672,0.08520997683512478
56,/home/achatzigiannis/tivit-logs/manual_training/checkpoints/epoch_56.pt,/home/achatzigiannis/tivit-logs/manual_training/sweeps/lowlogit_v1/epoch_056/calibration.json,0.068,0.07,0.07913248006542584,0.07961339401806203,0.1232742260471015,0.003875963992413089,0.0,0.07900999059864316,0.0802167974374809
15,/home/achatzigiannis/tivit-logs/manual_training/checkpoints/epoch_15.pt,/home/achatzigiannis/tivit-logs/manual_training/sweeps/lowlogit_v1/epoch_015/calibration.json,0.068,0.015,0.07891222886154459,0.07953327321544318,0.16951433880337172,0.015439424966142328,0.0011876434936466452,0.07576448654339459,0.08330205988749179
29,/home/achatzigiannis/tivit-logs/manual_training/checkpoints/epoch_29.pt,/home/achatzigiannis/tivit-logs/manual_training/sweeps/lowlogit_v1/epoch_029/calibration.json,0.068,0.07,0.07812044960367358,0.07949802760267508,0.12345996589710924,0.013134323391502882,0.001194024884201545,0.07815442099190607,0.08084163421344409
17,/home/achatzigiannis/tivit-logs/manual_training/checkpoints/epoch_17.pt,/home/achatzigiannis/tivit-logs/manual_training/sweeps/lowlogit_v1/epoch_017/calibration.json,0.068,0.025,0.07867467909700558,0.07939467504296455,0.15302020506192665,0.01256424407441678,0.0011421995285928268,0.07738927278895492,0.08140007729697418
72,/home/achatzigiannis/tivit-logs/manual_training/checkpoints/epoch_72.pt,/home/achatzigiannis/tivit-logs/manual_training/sweeps/lowlogit_v1/epoch_072/calibration.json,0.068,0.07,0.07845899480006102,0.07925821526302378,0.1263171918427009,0.003799868340884969,0.0,0.07984607518388752,0.07867035534216003
84,/home/achatzigiannis/tivit-logs/manual_training/checkpoints/epoch_84.pt,/home/achatzigiannis/tivit-logs/manual_training/sweeps/lowlogit_v1/epoch_084/calibration.json,0.068,0.035,0.07785068142023663,0.07903030991732278,0.1372243145924781,0.0061690264750970895,0.0024676075979125313,0.08858602574356848,0.06947459409107708
78,/home/achatzigiannis/tivit-logs/manual_training/checkpoints/epoch_78.pt,/home/achatzigiannis/tivit-logs/manual_training/sweeps/lowlogit_v1/epoch_078/calibration.json,0.068,0.07,0.07855278355742865,0.07895525502954531,0.1263171918427009,0.003926696570849751,0.0,0.07965450589906765,0.07825600416002298
53,/home/achatzigiannis/tivit-logs/manual_training/checkpoints/epoch_53.pt,/home/achatzigiannis/tivit-logs/manual_training/sweeps/lowlogit_v1/epoch_053/calibration.json,0.068,0.07,0.079080994331684,0.07879657838367438,0.1263171918427009,0.005358333919411543,0.0,0.0782280820886217,0.07936507467872707
70,/home/achatzigiannis/tivit-logs/manual_training/checkpoints/epoch_70.pt,/home/achatzigiannis/tivit-logs/manual_training/sweeps/lowlogit_v1/epoch_070/calibration.json,0.068,0.07,0.07881529005526605,0.07868628952898792,0.1263171918427009,0.0025188866925924995,0.0,0.07927411187514909,0.07809846718282674
18,/home/achatzigiannis/tivit-logs/manual_training/checkpoints/epoch_18.pt,/home/achatzigiannis/tivit-logs/manual_training/sweeps/lowlogit_v1/epoch_018/calibration.json,0.068,0.02,0.07809764912512132,0.07855724539215467,0.15870845297885838,0.00956937302243367,0.0011961672809250874,0.07746149796428033,0.07965299282002902
42,/home/achatzigiannis/tivit-logs/manual_training/checkpoints/epoch_42.pt,/home/achatzigiannis/tivit-logs/manual_training/sweeps/lowlogit_v1/epoch_042/calibration.json,0.068,0.07,0.0767893897678647,0.07851827615275014,0.12345996589710924,0.012554922814969699,0.0012554877868808532,0.0769944295473953,0.080042122758105
5,/home/achatzigiannis/tivit-logs/manual_training/checkpoints/epoch_5.pt,/home/achatzigiannis/tivit-logs/manual_training/sweeps/lowlogit_v1/epoch_005/calibration.json,0.018,0.01,0.07659312114208827,0.07848709565518722,0.1883503378344852,0.01608578603825948,0.002144767271662439,0.08249720803288957,0.07447698327748488
34,/home/achatzigiannis/tivit-logs/manual_training/checkpoints/epoch_34.pt,/home/achatzigiannis/tivit-logs/manual_training/sweeps/lowlogit_v1/epoch_034/calibration.json,0.068,0.07,0.07909104442668197,0.07816432977896054,0.12345996589710924,0.01987577140726949,0.0012422310348489476,0.07735321068487402,0.07897544887304705
28,/home/achatzigiannis/tivit-logs/manual_training/checkpoints/epoch_28.pt,/home/achatzigiannis/tivit-logs/manual_training/sweeps/lowlogit_v1/epoch_028/calibration.json,0.068,0.07,0.07819527919257194,0.0781202220975257,0.12345996589710924,0.014449122059154546,0.001204088946750072,0.07757008885289136,0.07867035534216003
49,/home/achatzigiannis/tivit-logs/manual_training/checkpoints/epoch_49.pt,/home/achatzigiannis/tivit-logs/manual_training/sweeps/lowlogit_v1/epoch_049/calibration.json,0.068,0.07,0.07790430584156934,0.07806372092627273,0.1232742260471015,0.00516461733718191,0.0,0.07753385807688318,0.07859358377566227
57,/home/achatzigiannis/tivit-logs/manual_training/checkpoints/epoch_57.pt,/home/achatzigiannis/tivit-logs/manual_training/sweeps/lowlogit_v1/epoch_057/calibration.json,0.068,0.07,0.07776836981681443,0.07787427501675366,0.1232742260471015,0.0025316405731311557,0.0,0.07731718217381155,0.07843136785969577
79,/home/achatzigiannis/tivit-logs/manual_training/checkpoints/epoch_79.pt,/home/achatzigiannis/tivit-logs/manual_training/sweeps/lowlogit_v1/epoch_079/calibration.json,0.068,0.07,0.07901656399433332,0.07774217739149952,0.12608300476705694,0.0013106109898261564,0.0,0.07856128263880198,0.07692307214419707
71,/home/achatzigiannis/tivit-logs/manual_training/checkpoints/epoch_71.pt,/home/achatzigiannis/tivit-logs/manual_training/sweeps/lowlogit_v1/epoch_071/calibration.json,0.068,0.07,0.08109364307744821,0.07771001329044439,0.1263171918427009,0.0038143624531645553,0.0,0.08299999526597528,0.0724200313149135
43,/home/achatzigiannis/tivit-logs/manual_training/checkpoints/epoch_43.pt,/home/achatzigiannis/tivit-logs/manual_training/sweeps/lowlogit_v1/epoch_043/calibration.json,0.068,0.07,0.07523188220640578,0.07765964078662968,0.12345996589710924,0.0124146442962721,0.0012414599388869615,0.07660359486679547,0.07871568670646391
59,/home/achatzigiannis/tivit-logs/manual_training/checkpoints/epoch_59.pt,/home/achatzigiannis/tivit-logs/manual_training/sweeps/lowlogit_v1/epoch_059/calibration.json,0.068,0.055,0.07727830338903754,0.0776560631545899,0.1263171918427009,0.0051880624448479564,0.0012970118612552928,0.07927411187514909,0.0760380144340307
22,/home/achatzigiannis/tivit-logs/manual_training/checkpoints/epoch_22.pt,/home/achatzigiannis/tivit-logs/manual_training/sweeps/lowlogit_v1/epoch_022/calibration.json,0.068,0.07,0.07732277153702022,0.07760914882197761,0.12345996589710924,0.014125951489701907,0.0011771580819864636,0.07481060142922058,0.08040769621473463
44,/home/achatzigiannis/tivit-logs/manual_training/checkpoints/epoch_44.pt,/home/achatzigiannis/tivit-logs/manual_training/sweeps/lowlogit_v1/epoch_044/calibration.json,0.068,0.07,0.07655380357653174,0.07752801944800908,0.1232742260471015,0.007352936192971527,0.0012254852126713483,0.07646245512035589,0.07859358377566227
75,/home/achatzigiannis/tivit-logs/manual_training/checkpoints/epoch_75.pt,/home/achatzigiannis/tivit-logs/manual_training/sweeps/lowlogit_v1/epoch_075/calibration.json,0.068,0.07,0.07608052191329401,0.07738838340082899,0.1263171918427009,0.0037950614173194574,0.0,0.07760635350526908,0.07717041329638888
73,/home/achatzigiannis/tivit-logs/manual_training/checkpoints/epoch_73.pt,/home/achatzigiannis/tivit-logs/manual_training/sweeps/lowlogit_v1/epoch_073/calibration.json,0.068,0.07,0.07737282246385863,0.07728250111024976,0.1263171918427009,0.0037878737920542757,0.0,0.07735321068487402,0.0772117915356255
24,/home/achatzigiannis/tivit-logs/manual_training/checkpoints/epoch_24.pt,/home/achatzigiannis/tivit-logs/manual_training/sweeps/lowlogit_v1/epoch_024/calibration.json,0.068,0.07,0.07737038464920587,0.07722756858260674,0.12345996589710924,0.014634141360627807,0.0,0.07583370946619834,0.07862142769901512
47,/home/achatzigiannis/tivit-logs/manual_training/checkpoints/epoch_47.pt,/home/achatzigiannis/tivit-logs/manual_training/sweeps/lowlogit_v1/epoch_047/calibration.json,0.068,0.07,0.07749601076042952,0.07721412746233422,0.1232742260471015,0.005239025779501446,0.001309752695087852,0.07628676013500835,0.07814149478966008
58,/home/achatzigiannis/tivit-logs/manual_training/checkpoints/epoch_58.pt,/home/achatzigiannis/tivit-logs/manual_training/sweeps/lowlogit_v1/epoch_058/calibration.json,0.068,0.06,0.07735133060153343,0.07694634957291158,0.1263171918427009,0.003878469466835293,0.0,0.0782280820886217,0.07566461705720146
51,/home/achatzigiannis/tivit-logs/manual_training/checkpoints/epoch_51.pt,/home/achatzigiannis/tivit-logs/manual_training/sweeps/lowlogit_v1/epoch_051/calibration.json,0.068,0.07,0.07606878156750661,0.07687894945272208,0.1263171918427009,0.0040080110357673514,0.0,0.07660359486679547,0.07715430403864872
85,/home/achatzigiannis/tivit-logs/manual_training/checkpoints/epoch_85.pt,/home/achatzigiannis/tivit-logs/manual_training/sweeps/lowlogit_v1/epoch_085/calibration.json,0.068,0.06,0.07749181389457123,0.0765342160734451,0.1263171918427009,0.004149372613549513,0.0,0.09154929082102481,0.061519141325865404
77,/home/achatzigiannis/tivit-logs/manual_training/checkpoints/epoch_77.pt,/home/achatzigiannis/tivit-logs/manual_training/sweeps/lowlogit_v1/epoch_077/calibration.json,0.068,0.07,0.074941541296271,0.07651467475998802,0.1263171918427009,0.0038634850197406187,0.0,0.0761467844237651,0.07688256509621096
50,/home/achatzigiannis/tivit-logs/manual_training/checkpoints/epoch_50.pt,/home/achatzigiannis/tivit-logs/manual_training/sweeps/lowlogit_v1/epoch_050/calibration.json,0.068,0.07,0.07677232643046678,0.07644488905813421,0.1263171918427009,0.005354747346973975,0.0,0.07538600816967264,0.07750376994659577
83,/home/achatzigiannis/tivit-logs/manual_training/checkpoints/epoch_83.pt,/home/achatzigiannis/tivit-logs/manual_training/sweeps/lowlogit_v1/epoch_083/calibration.json,0.068,0.05,0.07797236601417773,0.07630345138304848,0.12608300476705694,0.005284010853238921,0.0,0.08073929492749254,0.07186760783860442
41,/home/achatzigiannis/tivit-logs/manual_training/checkpoints/epoch_41.pt,/home/achatzigiannis/tivit-logs/manual_training/sweeps/lowlogit_v1/epoch_041/calibration.json,0.068,0.07,0.0749840095065515,0.07624512663289765,0.1232742260471015,0.012755097042485883,0.002551015409970812,0.07521521974510838,0.07727503352068693
37,/home/achatzigiannis/tivit-logs/manual_training/checkpoints/epoch_37.pt,/home/achatzigiannis/tivit-logs/manual_training/sweeps/lowlogit_v1/epoch_037/calibration.json,0.068,0.07,0.07484400378418092,0.07589496736814631,0.12345996589710924,0.014981268416034367,0.0012484344586710544,0.07518115487999447,0.07660877985629816
74,/home/achatzigiannis/tivit-logs/manual_training/checkpoints/epoch_74.pt,/home/achatzigiannis/tivit-logs/manual_training/sweeps/lowlogit_v1/epoch_074/calibration.json,0.068,0.065,0.07784707903234261,0.07589351237035066,0.1263171918427009,0.003838766594326781,0.0,0.07667436031472807,0.07511266442597324
60,/home/achatzigiannis/tivit-logs/manual_training/checkpoints/epoch_60.pt,/home/achatzigiannis/tivit-logs/manual_training/sweeps/lowlogit_v1/epoch_060/calibration.json,0.068,0.07,0.07490272575689001,0.07585810303838325,0.1263171918427009,0.005098784039495329,0.0012746922613560956,0.07490974275979043,0.07680646331697606
32,/home/achatzigiannis/tivit-logs/manual_training/checkpoints/epoch_32.pt,/home/achatzigiannis/tivit-logs/manual_training/sweeps/lowlogit_v1/epoch_032/calibration.json,0.068,0.07,0.0753289650630789,0.07580916603867172,0.12345996589710924,0.02037147495866124,0.0023966397282086803,0.0755919808762706,0.07602635120107284
80,/home/achatzigiannis/tivit-logs/manual_training/checkpoints/epoch_80.pt,/home/achatzigiannis/tivit-logs/manual_training/sweeps/lowlogit_v1/epoch_080/calibration.json,0.058,0.07,0.08291795580781988,0.07579203935533033,0.1263171918427009,0.005284010853238921,0.0,0.08320801531166289,0.06837606339899778
68,/home/achatzigiannis/tivit-logs/manual_training/checkpoints/epoch_68.pt,/home/achatzigiannis/tivit-logs/manual_training/sweeps/lowlogit_v1/epoch_068/calibration.json,0.068,0.065,0.07497671726226701,0.0757340336340522,0.1263171918427009,0.0063051652441007125,0.001261029052502976,0.07569538988219604,0.07577267738590837
27,/home/achatzigiannis/tivit-logs/manual_training/checkpoints/epoch_27.pt,/home/achatzigiannis/tivit-logs/manual_training/sweeps/lowlogit_v1/epoch_027/calibration.json,0.068,0.06,0.07843907997443186,0.0756873041790979,0.12345996589710924,0.009870445352286183,0.001233801305525741,0.076218036818061,0.0751565715401348
36,/home/achatzigiannis/tivit-logs/manual_training/checkpoints/epoch_36.pt,/home/achatzigiannis/tivit-logs/manual_training/sweeps/lowlogit_v1/epoch_036/calibration.json,0.068,0.07,0.07457661313548591,0.07544613805315412,0.12345996589710924,0.017305310215966454,0.0012360889553679514,0.07524931549405384,0.07564296061225438
99,/home/achatzigiannis/tivit-logs/manual_training/checkpoints/epoch_99.pt,/home/achatzigiannis/tivit-logs/manual_training/sweeps/lowlogit_v1/epoch_099/calibration.json,0.048,0.035,0.07415292578815852,0.07533910144093978,0.1372243145924781,0.005138081063624979,0.0,0.08097560506719836,0.06970259781468119
52,/home/achatzigiannis/tivit-logs/manual_training/checkpoints/epoch_52.pt,/home/achatzigiannis/tivit-logs/manual_training/sweeps/lowlogit_v1/epoch_052/calibration.json,0.068,0.07,0.07482060049903236,0.07532815327954184,0.1263171918427009,0.004034964743560383,0.0,0.0751471208567694,0.07550918570231428
97,/home/achatzigiannis/tivit-logs/manual_training/checkpoints/epoch_97.pt,/home/achatzigiannis/tivit-logs/manual_training/sweeps/lowlogit_v1/epoch_097/calibration.json,0.048,0.05,0.07658102554087172,0.07529421329125856,0.13429397131667134,0.0026560374989115375,0.0,0.07786115861440897,0.07272726796810815
48,/home/achatzigiannis/tivit-logs/manual_training/checkpoints/epoch_48.pt,/home/achatzigiannis/tivit-logs/manual_training/sweeps/lowlogit_v1/epoch_048/calibration.json,0.068,0.07,0.07566257666748721,0.07499354830987996,0.1263171918427009,0.005053690518826802,0.001263418882755583,0.0751471208567694,0.07483997576299052
45,/home/achatzigiannis/tivit-logs/manual_training/checkpoints/epoch_45.pt,/home/achatzigiannis/tivit-logs/manual_training/sweeps/lowlogit_v1/epoch_045/calibration.json,0.068,0.07,0.07437094905819167,0.07494955570462244,0.1232742260471015,0.0050251206338352335,0.0012562764127919434,0.07397504005753935,0.07592407135170552
46,/home/achatzigiannis/tivit-logs/manual_training/checkpoints/epoch_46.pt,/home/achatzigiannis/tivit-logs/manual_training/sweeps/lowlogit_v1/epoch_046/calibration.json,0.068,0.07,0.07514987035325578,0.07488478808916055,0.1232742260471015,0.00644329396939987,0.0012886547942240814,0.07437275533935792,0.07539682083896318
61,/home/achatzigiannis/tivit-logs/manual_training/checkpoints/epoch_61.pt,/home/achatzigiannis/tivit-logs/manual_training/sweeps/lowlogit_v1/epoch_061/calibration.json,0.068,0.07,0.07479675387716661,0.07483280645411204,0.1263171918427009,0.006281402040853634,0.0012562764127919434,0.07430617274516754,0.07535944016305654
38,/home/achatzigiannis/tivit-logs/manual_training/checkpoints/epoch_38.pt,/home/achatzigiannis/tivit-logs/manual_training/sweeps/lowlogit_v1/epoch_038/calibration.json,0.068,0.07,0.074087571492852,0.07480818939244617,0.1232742260471015,0.012091893452502233,0.0,0.07440609140287822,0.07521028738201412
82,/home/achatzigiannis/tivit-logs/manual_training/checkpoints/epoch_82.pt,/home/achatzigiannis/tivit-logs/manual_training/sweeps/lowlogit_v1/epoch_082/calibration.json,0.063,0.07,0.07629246490826508,0.07460014703065435,0.1263171918427009,0.005256236787610454,0.0,0.07720929772999487,0.07199099633131381
30,/home/achatzigiannis/tivit-logs/manual_training/checkpoints/epoch_30.pt,/home/achatzigiannis/tivit-logs/manual_training/sweeps/lowlogit_v1/epoch_030/calibration.json,0.068,0.07,0.07371881676636535,0.07454993490610472,0.12345996589710924,0.015522383092966614,0.001194024884201545,0.07377777327780768,0.07532209653440175
64,/home/achatzigiannis/tivit-logs/manual_training/checkpoints/epoch_64.pt,/home/achatzigiannis/tivit-logs/manual_training/sweeps/lowlogit_v1/epoch_064/calibration.json,0.063,0.055,0.0742355730899035,0.07440444468316484,0.1263171918427009,0.0038143624531645553,0.0,0.07562641913746844,0.07318247022886125
69,/home/achatzigiannis/tivit-logs/manual_training/checkpoints/epoch_69.pt,/home/achatzigiannis/tivit-logs/manual_training/sweeps/lowlogit_v1/epoch_069/calibration.json,0.018,0.07,0.07655692843471085,0.07417408336923695,0.14474310506502508,0.008739071162680278,0.0024968739093321297,0.07303010519118745,0.07531806154728644
33,/home/achatzigiannis/tivit-logs/manual_training/checkpoints/epoch_33.pt,/home/achatzigiannis/tivit-logs/manual_training/sweeps/lowlogit_v1/epoch_033/calibration.json,0.068,0.07,0.074859048837022,0.07415197081475915,0.12345996589710924,0.018749995007274763,0.0024999950074865327,0.07433944913348613,0.07396449249603217
65,/home/achatzigiannis/tivit-logs/manual_training/checkpoints/epoch_65.pt,/home/achatzigiannis/tivit-logs/manual_training/sweeps/lowlogit_v1/epoch_065/calibration.json,0.058,0.05,0.07339163433966861,0.0739349861785861,0.1263171918427009,0.003833860816142233,0.0,0.07545454090659118,0.072415431450581
4,/home/achatzigiannis/tivit-logs/manual_training/checkpoints/epoch_4.pt,/home/achatzigiannis/tivit-logs/manual_training/sweeps/lowlogit_v1/epoch_004/calibration.json,0.013,0.01,0.06258209499310925,0.07385712956734669,0.18932917392219392,0.013499475991980085,0.003115260000400973,0.08004509091622222,0.06766916821847117
89,/home/achatzigiannis/tivit-logs/manual_training/checkpoints/epoch_89.pt,/home/achatzigiannis/tivit-logs/manual_training/sweeps/lowlogit_v1/epoch_089/calibration.json,0.063,0.06,0.0766645545897991,0.07384862290412907,0.12608300476705694,0.003999995003161798,0.0,0.08201580556415433,0.0656814402441038
66,/home/achatzigiannis/tivit-logs/manual_training/checkpoints/epoch_66.pt,/home/achatzigiannis/tivit-logs/manual_training/sweeps/lowlogit_v1/epoch_066/calibration.json,0.068,0.06,0.07304667701796747,0.07378454751675409,0.1263171918427009,0.0038119390940603384,0.0,0.07570675145451748,0.0718623435789907
21,/home/achatzigiannis/tivit-logs/manual_training/checkpoints/epoch_21.pt,/home/achatzigiannis/tivit-logs/manual_training/sweeps/lowlogit_v1/epoch_021/calibration.json,0.063,0.015,0.07583456866129468,0.0737822302958013,0.16134000572944907,0.015855034720761982,0.0011324979146065195,0.07231120825238889,0.0752532523392137
88,/home/achatzigiannis/tivit-logs/manual_training/checkpoints/epoch_88.pt,/home/achatzigiannis/tivit-logs/manual_training/sweeps/lowlogit_v1/epoch_088/calibration.json,0.063,0.07,0.07670459482177522,0.07375960477666132,0.12608300476705694,0.004084406175038914,0.0,0.0815324118012854,0.06598679775203724
39,/home/achatzigiannis/tivit-logs/manual_training/checkpoints/epoch_39.pt,/home/achatzigiannis/tivit-logs/manual_training/sweeps/lowlogit_v1/epoch_039/calibration.json,0.068,0.07,0.07377224209191971,0.07373022439823013,0.1232742260471015,0.015921611673188795,0.0024494745025111786,0.07338637924278911,0.07407406955367113
35,/home/achatzigiannis/tivit-logs/manual_training/checkpoints/epoch_35.pt,/home/achatzigiannis/tivit-logs/manual_training/sweeps/lowlogit_v1/epoch_035/calibration.json,0.068,0.07,0.07350031733655271,0.07334513778011202,0.12345996589710924,0.017273283106666315,0.0024676075979125313,0.07348383791683523,0.07320643764338881
40,/home/achatzigiannis/tivit-logs/manual_training/checkpoints/epoch_40.pt,/home/achatzigiannis/tivit-logs/manual_training/sweeps/lowlogit_v1/epoch_040/calibration.json,0.068,0.07,0.07353548773928316,0.07330205057218192,0.1232742260471015,0.007504685438705826,0.0,0.07338637924278911,0.07321772190157474
96,/home/achatzigiannis/tivit-logs/manual_training/checkpoints/epoch_96.pt,/home/achatzigiannis/tivit-logs/manual_training/sweeps/lowlogit_v1/epoch_096/calibration.json,0.043,0.04,0.07496386525998963,0.07309016712221453,0.13429397131667134,0.004062283430957544,0.0,0.08129284545071165,0.0648874887937174
87,/home/achatzigiannis/tivit-logs/manual_training/checkpoints/epoch_87.pt,/home/achatzigiannis/tivit-logs/manual_training/sweeps/lowlogit_v1/epoch_087/calibration.json,0.058,0.05,0.07625460731552458,0.07289056781565828,0.12608300476705694,0.004137926052847852,0.0,0.07874762344832131,0.06703351218299526
95,/home/achatzigiannis/tivit-logs/manual_training/checkpoints/epoch_95.pt,/home/achatzigiannis/tivit-logs/manual_training/sweeps/lowlogit_v1/epoch_095/calibration.json,0.068,0.065,0.07715884474953527,0.07269275578556932,0.12608300476705694,0.0013306669920670504,0.0,0.08141245238787276,0.06397305918326587
105,/home/achatzigiannis/tivit-logs/manual_training/checkpoints/epoch_105.pt,/home/achatzigiannis/tivit-logs/manual_training/sweeps/lowlogit_v1/epoch_105/calibration.json,0.043,0.04,0.07581397059063702,0.07258737347553135,0.1460400253909367,0.013297867342805818,0.009308505640732016,0.07973102319841845,0.06544372375264425
90,/home/achatzigiannis/tivit-logs/manual_training/checkpoints/epoch_90.pt,/home/achatzigiannis/tivit-logs/manual_training/sweeps/lowlogit_v1/epoch_090/calibration.json,0.063,0.07,0.07594437751057041,0.07242455428144282,0.12608300476705694,0.0026578023113481243,0.0,0.07919846863605642,0.0656506399268292
91,/home/achatzigiannis/tivit-logs/manual_training/checkpoints/epoch_91.pt,/home/achatzigiannis/tivit-logs/manual_training/sweeps/lowlogit_v1/epoch_091/calibration.json,0.063,0.065,0.07594218563243252,0.07239520576231932,0.12608300476705694,0.0027118594158735917,0.0,0.07746149796428033,0.06732891356035832
100,/home/achatzigiannis/tivit-logs/manual_training/checkpoints/epoch_100.pt,/home/achatzigiannis/tivit-logs/manual_training/sweeps/lowlogit_v1/epoch_100/calibration.json,0.038,0.035,0.07192106700795015,0.07238079770904121,0.1546111137771711,0.0052527855453978105,0.001313192636731056,0.07417336456802706,0.07058823085005538
86,/home/achatzigiannis/tivit-logs/manual_training/checkpoints/epoch_86.pt,/home/achatzigiannis/tivit-logs/manual_training/sweeps/lowlogit_v1/epoch_086/calibration.json,0.048,0.04,0.07537049326732181,0.07205010594094459,0.13429397131667134,0.0041840954446565465,0.0,0.0772452257431587,0.06685498613873048
94,/home/achatzigiannis/tivit-logs/manual_training/checkpoints/epoch_94.pt,/home/achatzigiannis/tivit-logs/manual_training/sweeps/lowlogit_v1/epoch_094/calibration.json,0.048,0.045,0.07373249638563056,0.07177791592880596,0.13429397131667134,0.0013422768843841554,0.0,0.07628676013500835,0.06726907172260357
62,/home/achatzigiannis/tivit-logs/manual_training/checkpoints/epoch_62.pt,/home/achatzigiannis/tivit-logs/manual_training/sweeps/lowlogit_v1/epoch_062/calibration.json,0.018,0.07,0.07391733312609085,0.07162096870189658,0.14474310506502508,0.004938266617692889,0.0,0.07027026642374246,0.07297167098005071
76,/home/achatzigiannis/tivit-logs/manual_training/checkpoints/epoch_76.pt,/home/achatzigiannis/tivit-logs/manual_training/sweeps/lowlogit_v1/epoch_076/calibration.json,0.018,0.06,0.07342185769253842,0.07132659912640553,0.14450891798938112,0.005066492786719089,0.0012666194492265868,0.07219758972885311,0.07045560852395795
98,/home/achatzigiannis/tivit-logs/manual_training/checkpoints/epoch_98.pt,/home/achatzigiannis/tivit-logs/manual_training/sweeps/lowlogit_v1/epoch_098/calibration.json,0.038,0.035,0.07229832012770775,0.07097027670511441,0.15442176669561847,0.005194800194750975,0.0,0.07467385962163473,0.0672666937885941
93,/home/achatzigiannis/tivit-logs/manual_training/checkpoints/epoch_93.pt,/home/achatzigiannis/tivit-logs/manual_training/sweeps/lowlogit_v1/epoch_093/calibration.json,0.058,0.06,0.07469771139688627,0.07075283417245404,0.12608300476705694,0.001323621738857947,0.0,0.07678075397269404,0.06472491437221402
67,/home/achatzigiannis/tivit-logs/manual_training/checkpoints/epoch_67.pt,/home/achatzigiannis/tivit-logs/manual_training/sweeps/lowlogit_v1/epoch_067/calibration.json,0.018,0.07,0.07404641139744654,0.0706609265369317,0.14474310506502508,0.0037878737920542757,0.0,0.0680907839006372,0.0732310691732262
102,/home/achatzigiannis/tivit-logs/manual_training/checkpoints/epoch_102.pt,/home/achatzigiannis/tivit-logs/manual_training/sweeps/lowlogit_v1/epoch_102/calibration.json,0.043,0.035,0.07058227725102482,0.07028920042763341,0.1546111137771711,0.015434078601686878,0.0102893840679918,0.07670979209053144,0.06386860876473538
103,/home/achatzigiannis/tivit-logs/manual_training/checkpoints/epoch_103.pt,/home/achatzigiannis/tivit-logs/manual_training/sweeps/lowlogit_v1/epoch_103/calibration.json,0.043,0.04,0.071104618138249,0.07001833917249736,0.1460400253909367,0.010409884394794238,0.003903703523054666,0.07663896125524694,0.06339771708974778
101,/home/achatzigiannis/tivit-logs/manual_training/checkpoints/epoch_101.pt,/home/achatzigiannis/tivit-logs/manual_training/sweeps/lowlogit_v1/epoch_101/calibration.json,0.043,0.04,0.07181097809217435,0.0699524155269155,0.1460400253909367,0.007952281284050568,0.003976138142953328,0.07504520342013753,0.06485962763369349
92,/home/achatzigiannis/tivit-logs/manual_training/checkpoints/epoch_92.pt,/home/achatzigiannis/tivit-logs/manual_training/sweeps/lowlogit_v1/epoch_092/calibration.json,0.063,0.07,0.07499791102798142,0.06975553786709002,0.12608300476705694,0.003957778642168022,0.0013192562147748264,0.07535178846444926,0.06415928726973076
107,/home/achatzigiannis/tivit-logs/manual_training/checkpoints/epoch_107.pt,/home/achatzigiannis/tivit-logs/manual_training/sweeps/lowlogit_v1/epoch_107/calibration.json,0.038,0.035,0.07164850705783546,0.06971609230335632,0.1712785841198895,0.0121130501876575,0.008075365127147599,0.07467385962163473,0.06475832498507791
63,/home/achatzigiannis/tivit-logs/manual_training/checkpoints/epoch_63.pt,/home/achatzigiannis/tivit-logs/manual_training/sweeps/lowlogit_v1/epoch_063/calibration.json,0.018,0.07,0.07426134028251344,0.06961184598980798,0.14426384395471856,0.004953555382826675,0.0,0.06471389259095746,0.0745097993886585
109,/home/achatzigiannis/tivit-logs/manual_training/checkpoints/epoch_109.pt,/home/achatzigiannis/tivit-logs/manual_training/sweeps/lowlogit_v1/epoch_109/calibration.json,0.038,0.04,0.06998293973322225,0.06932477795250334,0.15770781326614966,0.01312335458030412,0.007874010748353281,0.07562641913746844,0.06302313676753825
108,/home/achatzigiannis/tivit-logs/manual_training/checkpoints/epoch_108.pt,/home/achatzigiannis/tivit-logs/manual_training/sweeps/lowlogit_v1/epoch_108/calibration.json,0.033,0.035,0.0713990573719459,0.06907339363324494,0.16622516336208984,0.013377921425363997,0.009364543498997083,0.07341883673131396,0.06472795053517591
104,/home/achatzigiannis/tivit-logs/manual_training/checkpoints/epoch_104.pt,/home/achatzigiannis/tivit-logs/manual_training/sweeps/lowlogit_v1/epoch_104/calibration.json,0.038,0.035,0.06918970624662257,0.06810905349847379,0.1489150802753348,0.01342281379695695,0.008053686280251732,0.07460673704903954,0.06161136994790805
173,/home/achatzigiannis/tivit-logs/manual_training/checkpoints/epoch_173.pt,/home/achatzigiannis/tivit-logs/manual_training/sweeps/lowlogit_v1/epoch_173/calibration.json,0.023,0.02,0.06489945927257174,0.0665129301124984,0.4037130760014057,0.03624829631999735,0.008155863153058596,0.07125306818784431,0.06177279203715247
106,/home/achatzigiannis/tivit-logs/manual_training/checkpoints/epoch_106.pt,/home/achatzigiannis/tivit-logs/manual_training/sweeps/lowlogit_v1/epoch_106/calibration.json,0.028,0.025,0.06690527404484682,0.06648862413284642,0.2022984395416771,0.004051311685278208,0.002700872792659413,0.072934969163021,0.06004227910267183
112,/home/achatzigiannis/tivit-logs/manual_training/checkpoints/epoch_112.pt,/home/achatzigiannis/tivit-logs/manual_training/sweeps/lowlogit_v1/epoch_112/calibration.json,0.033,0.035,0.06920607829519851,0.06641948714979043,0.1977332459010388,0.015094334627801183,0.007547164816577016,0.0703389786568338,0.06249999564274704
149,/home/achatzigiannis/tivit-logs/manual_training/checkpoints/epoch_149.pt,/home/achatzigiannis/tivit-logs/manual_training/sweeps/lowlogit_v1/epoch_149/calibration.json,0.023,0.015,0.062257512071264384,0.06590803946508078,0.4052889710522614,0.023886077194456037,0.0036747772405812985,0.07561643502981438,0.056199643900347165
155,/home/achatzigiannis/tivit-logs/manual_training/checkpoints/epoch_155.pt,/home/achatzigiannis/tivit-logs/manual_training/sweeps/lowlogit_v1/epoch_155/calibration.json,0.023,0.015,0.06501851234231557,0.06573002868987898,0.4073729245877068,0.031305898885880916,0.0071556305497842716,0.07497181171138399,0.05648824566837397
131,/home/achatzigiannis/tivit-logs/manual_training/checkpoints/epoch_131.pt,/home/achatzigiannis/tivit-logs/manual_training/sweeps/lowlogit_v1/epoch_131/calibration.json,0.018,0.035,0.06317342158837168,0.06569411220588797,0.32118561368171594,0.025278053892254508,0.005055606976385713,0.07364544653585395,0.057742777875922
153,/home/achatzigiannis/tivit-logs/manual_training/checkpoints/epoch_153.pt,/home/achatzigiannis/tivit-logs/manual_training/sweeps/lowlogit_v1/epoch_153/calibration.json,0.028,0.05,0.06605931964362594,0.06540633182016176,0.3040356777596954,0.03155126634627575,0.007887813235179172,0.07694733155101521,0.0538653320893083
185,/home/achatzigiannis/tivit-logs/manual_training/checkpoints/epoch_185.pt,/home/achatzigiannis/tivit-logs/manual_training/sweeps/lowlogit_v1/epoch_185/calibration.json,0.018,0.02,0.06275127265116527,0.06539519491439069,0.4594588098066364,0.0486196907672903,0.008240621958395429,0.06774960122060165,0.06304078860817972
111,/home/achatzigiannis/tivit-logs/manual_training/checkpoints/epoch_111.pt,/home/achatzigiannis/tivit-logs/manual_training/sweeps/lowlogit_v1/epoch_111/calibration.json,0.023,0.05,0.06824222647488634,0.06519258553617657,0.18412698176507938,0.013289031547079725,0.007973416929211417,0.06937327129700639,0.06101189977534674
125,/home/achatzigiannis/tivit-logs/manual_training/checkpoints/epoch_125.pt,/home/achatzigiannis/tivit-logs/manual_training/sweeps/lowlogit_v1/epoch_125/calibration.json,0.018,0.03,0.06880426443584492,0.06481758708088439,0.31236146303977297,0.025191670918191276,0.0032858658801023432,0.06829538809054676,0.06133978607122203
164,/home/achatzigiannis/tivit-logs/manual_training/checkpoints/epoch_164.pt,/home/achatzigiannis/tivit-logs/manual_training/sweeps/lowlogit_v1/epoch_164/calibration.json,0.018,0.015,0.06298123256401303,0.06474418375804707,0.4587964740431999,0.050590214841977045,0.011804380103688113,0.06733393705848596,0.06215443045760818
175,/home/achatzigiannis/tivit-logs/manual_training/checkpoints/epoch_175.pt,/home/achatzigiannis/tivit-logs/manual_training/sweeps/lowlogit_v1/epoch_175/calibration.json,0.018,0.02,0.06400193614101254,0.06471850805695578,0.4467072158700883,0.046828433228636245,0.01191996153885379,0.06600659799057104,0.06343041812334053
152,/home/achatzigiannis/tivit-logs/manual_training/checkpoints/epoch_152.pt,/home/achatzigiannis/tivit-logs/manual_training/sweeps/lowlogit_v1/epoch_152/calibration.json,0.023,0.05,0.06345051697496801,0.06462155083367445,0.30894776917431543,0.027777773260922838,0.008064511612355755,0.07581911395101248,0.05342398771633642
160,/home/achatzigiannis/tivit-logs/manual_training/checkpoints/epoch_160.pt,/home/achatzigiannis/tivit-logs/manual_training/sweeps/lowlogit_v1/epoch_160/calibration.json,0.018,0.015,0.06182431098965073,0.06445763037970181,0.41619226219629185,0.030589289221671874,0.004498421025779135,0.0697178058864735,0.05919745487293013
141,/home/achatzigiannis/tivit-logs/manual_training/checkpoints/epoch_141.pt,/home/achatzigiannis/tivit-logs/manual_training/sweeps/lowlogit_v1/epoch_141/calibration.json,0.023,0.045,0.0644256642575233,0.06438610001349843,0.3176041909547059,0.032771957215610374,0.008192985891302556,0.07373534952806439,0.055036850498932456
176,/home/achatzigiannis/tivit-logs/manual_training/checkpoints/epoch_176.pt,/home/achatzigiannis/tivit-logs/manual_training/sweeps/lowlogit_v1/epoch_176/calibration.json,0.018,0.02,0.0631162108313783,0.06436096666393668,0.41783969227507345,0.05324173022635277,0.010304847444413014,0.0648030468283376,0.06391888649953575
114,/home/achatzigiannis/tivit-logs/manual_training/checkpoints/epoch_114.pt,/home/achatzigiannis/tivit-logs/manual_training/sweeps/lowlogit_v1/epoch_114/calibration.json,0.028,0.03,0.06818317675620894,0.06429115705851426,0.21389922123156474,0.017369722057469,0.008684858534004983,0.06842538726043935,0.06015692685658916
124,/home/achatzigiannis/tivit-logs/manual_training/checkpoints/epoch_124.pt,/home/achatzigiannis/tivit-logs/manual_training/sweeps/lowlogit_v1/epoch_124/calibration.json,0.018,0.025,0.06660114190963966,0.06426695930139081,0.29153785378220387,0.02642159185113258,0.009190115688207613,0.07016542726526526,0.058368491337516384
140,/home/achatzigiannis/tivit-logs/manual_training/checkpoints/epoch_140.pt,/home/achatzigiannis/tivit-logs/manual_training/sweeps/lowlogit_v1/epoch_140/calibration.json,0.023,0.04,0.06740364232123956,0.06421527688150822,0.33047011228177736,0.029716339461767247,0.008104452924368021,0.07181843953352897,0.05661211422948747
161,/home/achatzigiannis/tivit-logs/manual_training/checkpoints/epoch_161.pt,/home/achatzigiannis/tivit-logs/manual_training/sweeps/lowlogit_v1/epoch_161/calibration.json,0.018,0.015,0.06221249317214313,0.06420909868471374,0.42074230333730084,0.029969144923723,0.004407223372607992,0.06781213913589969,0.06060605823352778
154,/home/achatzigiannis/tivit-logs/manual_training/checkpoints/epoch_154.pt,/home/achatzigiannis/tivit-logs/manual_training/sweeps/lowlogit_v1/epoch_154/calibration.json,0.023,0.015,0.06519179490836387,0.06417512540801827,0.440902635168661,0.03039784975703326,0.007152431786747058,0.07098591209864567,0.05736433871739088
137,/home/achatzigiannis/tivit-logs/manual_training/checkpoints/epoch_137.pt,/home/achatzigiannis/tivit-logs/manual_training/sweeps/lowlogit_v1/epoch_137/calibration.json,0.018,0.035,0.06337256974215993,0.06414067596979531,0.333709570586169,0.02983589781236591,0.0069617058682895396,0.07397893338212033,0.0543024185574703
130,/home/achatzigiannis/tivit-logs/manual_training/checkpoints/epoch_130.pt,/home/achatzigiannis/tivit-logs/manual_training/sweeps/lowlogit_v1/epoch_130/calibration.json,0.018,0.025,0.06473159035590145,0.06406665285619584,0.3441147391687541,0.026427056485542545,0.006342489889563138,0.07228915340919528,0.055844152303196386
123,/home/achatzigiannis/tivit-logs/manual_training/checkpoints/epoch_123.pt,/home/achatzigiannis/tivit-logs/manual_training/sweeps/lowlogit_v1/epoch_123/calibration.json,0.013,0.03,0.06953900506179436,0.06403163199072084,0.33442028634190624,0.025028436488713057,0.00455062078929168,0.06548901059167651,0.06257425338976519
110,/home/achatzigiannis/tivit-logs/manual_training/checkpoints/epoch_110.pt,/home/achatzigiannis/tivit-logs/manual_training/sweeps/lowlogit_v1/epoch_110/calibration.json,0.023,0.035,0.0700405339972448,0.06401830182607515,0.21783023736164725,0.010554084710678636,0.0079155622832736,0.06624953587475874,0.061787067777391576
162,/home/achatzigiannis/tivit-logs/manual_training/checkpoints/epoch_162.pt,/home/achatzigiannis/tivit-logs/manual_training/sweeps/lowlogit_v1/epoch_162/calibration.json,0.018,0.015,0.06391073985391947,0.06382946144972604,0.4481824295920225,0.034452292333634886,0.006183741097138161,0.0665467597296913,0.06111216316976076
165,/home/achatzigiannis/tivit-logs/manual_training/checkpoints/epoch_165.pt,/home/achatzigiannis/tivit-logs/manual_training/sweeps/lowlogit_v1/epoch_165/calibration.json,0.018,0.015,0.0642140497647173,0.06375980285519499,0.46141000958404454,0.03660713834789198,0.0089285669195694,0.06735518349215734,0.060164422218232635
181,/home/achatzigiannis/tivit-logs/manual_training/checkpoints/epoch_181.pt,/home/achatzigiannis/tivit-logs/manual_training/sweeps/lowlogit_v1/epoch_181/calibration.json,0.018,0.02,0.06334059832658859,0.06366886207915425,0.4866268934646059,0.049999995870836554,0.012121207992336692,0.06581782310195408,0.061519901056354416
184,/home/achatzigiannis/tivit-logs/manual_training/checkpoints/epoch_184.pt,/home/achatzigiannis/tivit-logs/manual_training/sweeps/lowlogit_v1/epoch_184/calibration.json,0.018,0.02,0.06367924507003846,0.06361113981825343,0.5174922649659404,0.03975154845408104,0.00993788385805607,0.06572068462040793,0.061501595016098934
183,/home/achatzigiannis/tivit-logs/manual_training/checkpoints/epoch_183.pt,/home/achatzigiannis/tivit-logs/manual_training/sweeps/lowlogit_v1/epoch_183/calibration.json,0.018,0.02,0.06373255843109733,0.06360829916262256,0.5174922649659404,0.04052442960593003,0.009535156662196778,0.06600412278950363,0.061212475535741495
118,/home/achatzigiannis/tivit-logs/manual_training/checkpoints/epoch_118.pt,/home/achatzigiannis/tivit-logs/manual_training/sweeps/lowlogit_v1/epoch_118/calibration.json,0.013,0.07,0.06691734418451217,0.06353270455258796,0.25452008891015665,0.021164016209686578,0.007054668767174016,0.06600807976517642,0.061057329339999494
169,/home/achatzigiannis/tivit-logs/manual_training/checkpoints/epoch_169.pt,/home/achatzigiannis/tivit-logs/manual_training/sweeps/lowlogit_v1/epoch_169/calibration.json,0.023,0.015,0.062440948331236236,0.06348250374812124,0.46343737891164294,0.04304932283534806,0.009865466333405114,0.06987128650520268,0.0570937209910398
171,/home/achatzigiannis/tivit-logs/manual_training/checkpoints/epoch_171.pt,/home/achatzigiannis/tivit-logs/manual_training/sweeps/lowlogit_v1/epoch_171/calibration.json,0.018,0.02,0.06280598278728117,0.06345966414857578,0.40540064792389563,0.03666520723777324,0.007856826618210038,0.06498037226290554,0.061938956034246005
151,/home/achatzigiannis/tivit-logs/manual_training/checkpoints/epoch_151.pt,/home/achatzigiannis/tivit-logs/manual_training/sweeps/lowlogit_v1/epoch_151/calibration.json,0.023,0.05,0.06316153555338913,0.06338292209163199,0.30894776917431543,0.035682421897674614,0.008028541434051713,0.07395411276943416,0.05281173141382982
116,/home/achatzigiannis/tivit-logs/manual_training/checkpoints/epoch_116.pt,/home/achatzigiannis/tivit-logs/manual_training/sweeps/lowlogit_v1/epoch_116/calibration.json,0.023,0.03,0.06736808577292212,0.06338115559967768,0.23045013884232693,0.02167368557502123,0.007224558543289005,0.06683080857502063,0.05993150262433472
172,/home/achatzigiannis/tivit-logs/manual_training/checkpoints/epoch_172.pt,/home/achatzigiannis/tivit-logs/manual_training/sweeps/lowlogit_v1/epoch_172/calibration.json,0.018,0.02,0.062190787499850186,0.06329167878867525,0.432323228010231,0.03624534856654109,0.008364307674608835,0.0650912079333425,0.06149214964400802
174,/home/achatzigiannis/tivit-logs/manual_training/checkpoints/epoch_174.pt,/home/achatzigiannis/tivit-logs/manual_training/sweeps/lowlogit_v1/epoch_174/calibration.json,0.018,0.02,0.0635572466144663,0.06322109595149536,0.42825198120305186,0.04644930321636406,0.009825810586054152,0.0634196864393719,0.06302250546361883
113,/home/achatzigiannis/tivit-logs/manual_training/checkpoints/epoch_113.pt,/home/achatzigiannis/tivit-logs/manual_training/sweeps/lowlogit_v1/epoch_113/calibration.json,0.023,0.03,0.06812993164750136,0.06320895904819704,0.21931338436197656,0.013071890424804338,0.009150321797405438,0.0659181415799909,0.060499776516403175
143,/home/achatzigiannis/tivit-logs/manual_training/checkpoints/epoch_143.pt,/home/achatzigiannis/tivit-logs/manual_training/sweeps/lowlogit_v1/epoch_143/calibration.json,0.028,0.045,0.06481376679052414,0.06318835978061225,0.3138660629291222,0.033333328804915,0.00810810357991893,0.07159584763314956,0.054780871928074945
163,/home/achatzigiannis/tivit-logs/manual_training/checkpoints/epoch_163.pt,/home/achatzigiannis/tivit-logs/manual_training/sweeps/lowlogit_v1/epoch_163/calibration.json,0.018,0.015,0.06290160614866658,0.06313170689269762,0.4201187240870643,0.04300168195839859,0.007588528501700955,0.06514806089130414,0.06111535289409111
157,/home/achatzigiannis/tivit-logs/manual_training/checkpoints/epoch_157.pt,/home/achatzigiannis/tivit-logs/manual_training/sweeps/lowlogit_v1/epoch_157/calibration.json,0.018,0.015,0.0648721390522779,0.06312927208953292,0.41511890746409374,0.026821631607758207,0.007152431786747058,0.06913804578313767,0.057120498395928185
117,/home/achatzigiannis/tivit-logs/manual_training/checkpoints/epoch_117.pt,/home/achatzigiannis/tivit-logs/manual_training/sweeps/lowlogit_v1/epoch_117/calibration.json,0.013,0.03,0.06892672304130988,0.06310761705691084,0.3258672616005326,0.022551923821170605,0.005934713138878314,0.06798739020288828,0.058227843910933386
150,/home/achatzigiannis/tivit-logs/manual_training/checkpoints/epoch_150.pt,/home/achatzigiannis/tivit-logs/manual_training/sweeps/lowlogit_v1/epoch_150/calibration.json,0.018,0.015,0.06177284718028805,0.06310680142145561,0.4217077777035533,0.024215242118028557,0.0026905784410983,0.06952869514188303,0.0566849077010282
182,/home/achatzigiannis/tivit-logs/manual_training/checkpoints/epoch_182.pt,/home/achatzigiannis/tivit-logs/manual_training/sweeps/lowlogit_v1/epoch_182/calibration.json,0.018,0.02,0.06144645949651427,0.06295637676290931,0.509618535067136,0.043019476225303895,0.010551943758036274,0.06538006832371067,0.06053268520210795
156,/home/achatzigiannis/tivit-logs/manual_training/checkpoints/epoch_156.pt,/home/achatzigiannis/tivit-logs/manual_training/sweeps/lowlogit_v1/epoch_156/calibration.json,0.018,0.04,0.06325140036383632,0.06287299726018863,0.3339384718563003,0.0251279618999961,0.006514653384583083,0.07093875323132562,0.054807241289051664
195,/home/achatzigiannis/tivit-logs/manual_training/checkpoints/epoch_195.pt,/home/achatzigiannis/tivit-logs/manual_training/sweeps/lowlogit_v1/epoch_195/calibration.json,0.018,0.02,0.06140489664171616,0.06284414110823039,0.5281743744015122,0.039768015542101964,0.010770501043586225,0.06403414918578063,0.06165413303068017
193,/home/achatzigiannis/tivit-logs/manual_training/checkpoints/epoch_193.pt,/home/achatzigiannis/tivit-logs/manual_training/sweeps/lowlogit_v1/epoch_193/calibration.json,0.018,0.02,0.06254785262616536,0.06283568225828574,0.5246573943994742,0.04324764971220043,0.010607910830379142,0.0649591660753165,0.06071219844125498
166,/home/achatzigiannis/tivit-logs/manual_training/checkpoints/epoch_166.pt,/home/achatzigiannis/tivit-logs/manual_training/sweeps/lowlogit_v1/epoch_166/calibration.json,0.018,0.015,0.06299772563059927,0.06275089949429838,0.4836460095093664,0.038427162602305664,0.007149235882301528,0.06744081895038752,0.05806098003820923
146,/home/achatzigiannis/tivit-logs/manual_training/checkpoints/epoch_146.pt,/home/achatzigiannis/tivit-logs/manual_training/sweeps/lowlogit_v1/epoch_146/calibration.json,0.028,0.015,0.06385549625926282,0.06271491829259154,0.40513738031690827,0.030589289221671874,0.008097161466590438,0.07015345703811667,0.05527637954706641
158,/home/achatzigiannis/tivit-logs/manual_training/checkpoints/epoch_158.pt,/home/achatzigiannis/tivit-logs/manual_training/sweeps/lowlogit_v1/epoch_158/calibration.json,0.018,0.015,0.06468632440671944,0.06267203815490488,0.4127346130133776,0.029569887956247244,0.00716845426469385,0.06862302196127076,0.05672105434853898
196,/home/achatzigiannis/tivit-logs/manual_training/checkpoints/epoch_196.pt,/home/achatzigiannis/tivit-logs/manual_training/sweeps/lowlogit_v1/epoch_196/calibration.json,0.018,0.02,0.061350285539528815,0.06263457225458863,0.5316964237230464,0.04136345811908855,0.010723856434146344,0.06284008894063317,0.06242905556854407
187,/home/achatzigiannis/tivit-logs/manual_training/checkpoints/epoch_187.pt,/home/achatzigiannis/tivit-logs/manual_training/sweeps/lowlogit_v1/epoch_187/calibration.json,0.018,0.02,0.06550615301753238,0.06257848150343742,0.5339131269476926,0.03608246980227688,0.01116838045541309,0.064399418733398,0.06075754427347685
191,/home/achatzigiannis/tivit-logs/manual_training/checkpoints/epoch_191.pt,/home/achatzigiannis/tivit-logs/manual_training/sweeps/lowlogit_v1/epoch_191/calibration.json,0.018,0.02,0.06360286829584168,0.0625757640116485,0.5038210232545101,0.04697694204591899,0.0130491473528703,0.0639823472684762,0.0611691807548208
136,/home/achatzigiannis/tivit-logs/manual_training/checkpoints/epoch_136.pt,/home/achatzigiannis/tivit-logs/manual_training/sweeps/lowlogit_v1/epoch_136/calibration.json,0.018,0.035,0.06299414736627931,0.06252740108682953,0.3305555520006678,0.030188674621827873,0.007547165188081328,0.06894777145906474,0.05610703071459432
126,/home/achatzigiannis/tivit-logs/manual_training/checkpoints/epoch_126.pt,/home/achatzigiannis/tivit-logs/manual_training/sweeps/lowlogit_v1/epoch_126/calibration.json,0.018,0.025,0.06655467201557841,0.06251823046344833,0.33156158018259985,0.025974021114444277,0.003246748387423879,0.06803097010216869,0.057005490824727965
192,/home/achatzigiannis/tivit-logs/manual_training/checkpoints/epoch_192.pt,/home/achatzigiannis/tivit-logs/manual_training/sweeps/lowlogit_v1/epoch_192/calibration.json,0.018,0.02,0.06372613717624334,0.06249146391513185,0.5243492873526889,0.03890362062240458,0.010610075087731277,0.06496028008940367,0.060022647740860025
135,/home/achatzigiannis/tivit-logs/manual_training/checkpoints/epoch_135.pt,/home/achatzigiannis/tivit-logs/manual_training/sweeps/lowlogit_v1/epoch_135/calibration.json,0.018,0.035,0.061990814143257175,0.062489408708151006,0.33947264495242024,0.028388273825470517,0.006410251847652318,0.07085828033170823,0.054120537084593794
168,/home/achatzigiannis/tivit-logs/manual_training/checkpoints/epoch_168.pt,/home/achatzigiannis/tivit-logs/manual_training/sweeps/lowlogit_v1/epoch_168/calibration.json,0.018,0.015,0.06063743107791222,0.06246080966263661,0.5060273111285913,0.040268451861752486,0.008948541347493129,0.06918779268584418,0.05573382663942904
148,/home/achatzigiannis/tivit-logs/manual_training/checkpoints/epoch_148.pt,/home/achatzigiannis/tivit-logs/manual_training/sweeps/lowlogit_v1/epoch_148/calibration.json,0.028,0.015,0.06226033068696704,0.06227986515238694,0.40142586543662084,0.029024938767909146,0.006349201806666112,0.06841938180708902,0.056140348497684865
188,/home/achatzigiannis/tivit-logs/manual_training/checkpoints/epoch_188.pt,/home/achatzigiannis/tivit-logs/manual_training/sweeps/lowlogit_v1/epoch_188/calibration.json,0.018,0.02,0.06250255937025548,0.06226369136384281,0.5339131269476926,0.03718673783341302,0.008892477526448488,0.06370106525324093,0.06082631747444469
122,/home/achatzigiannis/tivit-logs/manual_training/checkpoints/epoch_122.pt,/home/achatzigiannis/tivit-logs/manual_training/sweeps/lowlogit_v1/epoch_122/calibration.json,0.013,0.03,0.06595182579113051,0.062215715128559335,0.33148523912830685,0.02746268160028604,0.00955223383930755,0.064069261294096,0.06036216896302267
159,/home/achatzigiannis/tivit-logs/manual_training/checkpoints/epoch_159.pt,/home/achatzigiannis/tivit-logs/manual_training/sweeps/lowlogit_v1/epoch_159/calibration.json,0.018,0.015,0.06298582946087974,0.062011138177928915,0.44703175131784156,0.028635342242169987,0.006263977589128868,0.06715916437572081,0.05686311198013703
119,/home/achatzigiannis/tivit-logs/manual_training/checkpoints/epoch_119.pt,/home/achatzigiannis/tivit-logs/manual_training/sweeps/lowlogit_v1/epoch_119/calibration.json,0.013,0.045,0.06705563749566078,0.061974686240396024,0.2861625349052679,0.01769911008693763,0.005899700057581109,0.0644868272716335,0.05946254520915855
142,/home/achatzigiannis/tivit-logs/manual_training/checkpoints/epoch_142.pt,/home/achatzigiannis/tivit-logs/manual_training/sweeps/lowlogit_v1/epoch_142/calibration.json,0.028,0.05,0.06625264265181861,0.0619695085146732,0.30884871851922724,0.03489439396217431,0.00826445824157595,0.07079645649704303,0.05314256053230337
186,/home/achatzigiannis/tivit-logs/manual_training/checkpoints/epoch_186.pt,/home/achatzigiannis/tivit-logs/manual_training/sweeps/lowlogit_v1/epoch_186/calibration.json,0.018,0.02,0.06505463580396395,0.06179941540575688,0.525129970180277,0.030951292673068943,0.009103318162573032,0.06437844330821228,0.059220387503301476
198,/home/achatzigiannis/tivit-logs/manual_training/checkpoints/epoch_198.pt,/home/achatzigiannis/tivit-logs/manual_training/sweeps/lowlogit_v1/epoch_198/calibration.json,0.023,0.02,0.05955023555469522,0.061782278432605676,0.47687572614174695,0.03666920899042115,0.008403357195375093,0.06174496359388729,0.06181959327132406
180,/home/achatzigiannis/tivit-logs/manual_training/checkpoints/epoch_180.pt,/home/achatzigiannis/tivit-logs/manual_training/sweeps/lowlogit_v1/epoch_180/calibration.json,0.018,0.02,0.06261564163394502,0.061728348844000476,0.534242110933369,0.038895367257668,0.010112792384303137,0.06286248584312565,0.060594211844875304
120,/home/achatzigiannis/tivit-logs/manual_training/checkpoints/epoch_120.pt,/home/achatzigiannis/tivit-logs/manual_training/sweeps/lowlogit_v1/epoch_120/calibration.json,0.013,0.03,0.06613524791689912,0.061683506186698975,0.33064620850453563,0.02411021320836306,0.0045924175713928156,0.06620208780363472,0.05716492456976323
197,/home/achatzigiannis/tivit-logs/manual_training/checkpoints/epoch_197.pt,/home/achatzigiannis/tivit-logs/manual_training/sweeps/lowlogit_v1/epoch_197/calibration.json,0.013,0.02,0.05808783413729285,0.06164670538763255,0.5818375578890794,0.04377879768090193,0.011520733165021762,0.06046618808949634,0.06282722268576876
121,/home/achatzigiannis/tivit-logs/manual_training/checkpoints/epoch_121.pt,/home/achatzigiannis/tivit-logs/manual_training/sweeps/lowlogit_v1/epoch_121/calibration.json,0.013,0.065,0.06724894555437735,0.06157858489683163,0.2632554793087655,0.021114364549188042,0.004692077159355421,0.06437581278620404,0.05878135700745921
115,/home/achatzigiannis/tivit-logs/manual_training/checkpoints/epoch_115.pt,/home/achatzigiannis/tivit-logs/manual_training/sweeps/lowlogit_v1/epoch_115/calibration.json,0.023,0.045,0.0669262824078462,0.061539421937085406,0.21488469341737731,0.020744351333561107,0.008541788795578712,0.06378298715330509,0.059295856720865715
2,/home/achatzigiannis/tivit-logs/manual_training/checkpoints/epoch_2.pt,/home/achatzigiannis/tivit-logs/manual_training/sweeps/lowlogit_v1/epoch_002/calibration.json,0.008,0.001,0.06166476761420221,0.061483233167953136,0.7090096083366698,0.05093167202800095,0.0037267030844941626,0.08639999628895452,0.03656647004695175
189,/home/achatzigiannis/tivit-logs/manual_training/checkpoints/epoch_189.pt,/home/achatzigiannis/tivit-logs/manual_training/sweeps/lowlogit_v1/epoch_189/calibration.json,0.018,0.02,0.06117701921434898,0.06129173302090947,0.5290920519258118,0.03836930029829741,0.007993600858094372,0.06338526676926122,0.059198199272557726
134,/home/achatzigiannis/tivit-logs/manual_training/checkpoints/epoch_134.pt,/home/achatzigiannis/tivit-logs/manual_training/sweeps/lowlogit_v1/epoch_134/calibration.json,0.018,0.035,0.06116460765669331,0.06125328494587874,0.326086953070282,0.0294565721818824,0.007110203467028004,0.06732262757149508,0.05518394232026241
145,/home/achatzigiannis/tivit-logs/manual_training/checkpoints/epoch_145.pt,/home/achatzigiannis/tivit-logs/manual_training/sweeps/lowlogit_v1/epoch_145/calibration.json,0.023,0.04,0.06450790888194909,0.06119315094284446,0.32746436344855334,0.03428055478308591,0.007216955324604291,0.0711261608684086,0.051260141017280304
170,/home/achatzigiannis/tivit-logs/manual_training/checkpoints/epoch_170.pt,/home/achatzigiannis/tivit-logs/manual_training/sweeps/lowlogit_v1/epoch_170/calibration.json,0.018,0.015,0.06285644136099715,0.06108777420677708,0.4931581752437665,0.042649723223865864,0.009074405619816603,0.06523604874607852,0.05693949966747563
177,/home/achatzigiannis/tivit-logs/manual_training/checkpoints/epoch_177.pt,/home/achatzigiannis/tivit-logs/manual_training/sweeps/lowlogit_v1/epoch_177/calibration.json,0.013,0.02,0.061309578345960986,0.06108338508703051,0.48527733051273486,0.047914813605260204,0.012422355752870037,0.05900887801672573,0.06315789215733529
199,/home/achatzigiannis/tivit-logs/manual_training/checkpoints/epoch_199.pt,/home/achatzigiannis/tivit-logs/manual_training/sweeps/lowlogit_v1/epoch_199/calibration.json,0.028,0.02,0.05991751392827814,0.06107415998610732,0.4607401642467325,0.04006409830034832,0.009615380351875785,0.06159959949241891,0.060548720479795724
133,/home/achatzigiannis/tivit-logs/manual_training/checkpoints/epoch_133.pt,/home/achatzigiannis/tivit-logs/manual_training/sweeps/lowlogit_v1/epoch_133/calibration.json,0.018,0.035,0.06200216554081202,0.06106293204088925,0.31806840112195134,0.026639339486934182,0.006147536208458468,0.068947638072643,0.0531782260091355
194,/home/achatzigiannis/tivit-logs/manual_training/checkpoints/epoch_194.pt,/home/achatzigiannis/tivit-logs/manual_training/sweeps/lowlogit_v1/epoch_194/calibration.json,0.018,0.02,0.0605018649142397,0.06095814925077634,0.5370704470108889,0.03611737737733176,0.01053423215555399,0.06235925630823944,0.05955704219331324
200,/home/achatzigiannis/tivit-logs/manual_training/checkpoints/epoch_200.pt,/home/achatzigiannis/tivit-logs/manual_training/sweeps/lowlogit_v1/epoch_200/calibration.json,0.033,0.02,0.059011259324212834,0.06072818062385238,0.45410819753105813,0.039694652340997456,0.010687018753433811,0.06206151856722347,0.05939484268048128
190,/home/achatzigiannis/tivit-logs/manual_training/checkpoints/epoch_190.pt,/home/achatzigiannis/tivit-logs/manual_training/sweeps/lowlogit_v1/epoch_190/calibration.json,0.018,0.02,0.06214293455337101,0.06071267216738882,0.5271262545342479,0.03970003962784787,0.009704450744126403,0.06198416483255539,0.05944117950222225
147,/home/achatzigiannis/tivit-logs/manual_training/checkpoints/epoch_147.pt,/home/achatzigiannis/tivit-logs/manual_training/sweeps/lowlogit_v1/epoch_147/calibration.json,0.023,0.04,0.062497749521587494,0.060557696293436734,0.3401083974459716,0.032728876537070066,0.007961074679705925,0.06960950423466424,0.051505888352209234
139,/home/achatzigiannis/tivit-logs/manual_training/checkpoints/epoch_139.pt,/home/achatzigiannis/tivit-logs/manual_training/sweeps/lowlogit_v1/epoch_139/calibration.json,0.023,0.045,0.06594938682891106,0.06035212144842442,0.3112094361665395,0.030754888224917287,0.007455726994940859,0.06810035488388921,0.05260388801295963
167,/home/achatzigiannis/tivit-logs/manual_training/checkpoints/epoch_167.pt,/home/achatzigiannis/tivit-logs/manual_training/sweeps/lowlogit_v1/epoch_167/calibration.json,0.018,0.015,0.06102785438112955,0.060316473967389574,0.49992567174447783,0.044386418523001875,0.009573537757423102,0.06581510872033834,0.054817839214440806
138,/home/achatzigiannis/tivit-logs/manual_training/checkpoints/epoch_138.pt,/home/achatzigiannis/tivit-logs/manual_training/sweeps/lowlogit_v1/epoch_138/calibration.json,0.018,0.04,0.06384808307325299,0.060084634014269694,0.31738849038261374,0.03185011248667256,0.008430908739821198,0.0698734145855281,0.05029585344301128
129,/home/achatzigiannis/tivit-logs/manual_training/checkpoints/epoch_129.pt,/home/achatzigiannis/tivit-logs/manual_training/sweeps/lowlogit_v1/epoch_129/calibration.json,0.013,0.025,0.06354130642392167,0.06004926996073935,0.35809491609815947,0.024008345925048143,0.00521920187514335,0.06491684772358479,0.05518169219789391
128,/home/achatzigiannis/tivit-logs/manual_training/checkpoints/epoch_128.pt,/home/achatzigiannis/tivit-logs/manual_training/sweeps/lowlogit_v1/epoch_128/calibration.json,0.013,0.025,0.06362571058525195,0.059902566667319586,0.34260815667112354,0.026695136643915627,0.004271217797389789,0.06264260258701905,0.05716253074762012
127,/home/achatzigiannis/tivit-logs/manual_training/checkpoints/epoch_127.pt,/home/achatzigiannis/tivit-logs/manual_training/sweeps/lowlogit_v1/epoch_127/calibration.json,0.013,0.03,0.06387463142683472,0.05929828845924233,0.33442028634190624,0.02382240986627033,0.002165669205984157,0.062421446815286066,0.05617513010319859
132,/home/achatzigiannis/tivit-logs/manual_training/checkpoints/epoch_132.pt,/home/achatzigiannis/tivit-logs/manual_training/sweeps/lowlogit_v1/epoch_132/calibration.json,0.023,0.03,0.06083262445333136,0.058793664933196155,0.3333195675146732,0.02309912911991153,0.00481231487562528,0.06507591827820926,0.05251141158818306
179,/home/achatzigiannis/tivit-logs/manual_training/checkpoints/epoch_179.pt,/home/achatzigiannis/tivit-logs/manual_training/sweeps/lowlogit_v1/epoch_179/calibration.json,0.043,0.02,0.06173347141379297,0.0586482118739185,0.4207758625013238,0.0424836558212958,0.009803917259472744,0.05397300938977225,0.06332341435806475
144,/home/achatzigiannis/tivit-logs/manual_training/checkpoints/epoch_144.pt,/home/achatzigiannis/tivit-logs/manual_training/sweeps/lowlogit_v1/epoch_144/calibration.json,0.023,0.04,0.06311574320915153,0.058427298984034336,0.3279285736157988,0.0322725190141931,0.007171667378382674,0.0685920542048007,0.04826254376326797
178,/home/achatzigiannis/tivit-logs/manual_training/checkpoints/epoch_178.pt,/home/achatzigiannis/tivit-logs/manual_training/sweeps/lowlogit_v1/epoch_178/calibration.json,0.013,0.015,0.061158864487714584,0.05791181904012135,0.5508015848948451,0.05304347380922155,0.011304343374803263,0.05881492119227722,0.05700871688796547
3,/home/achatzigiannis/tivit-logs/manual_training/checkpoints/epoch_3.pt,/home/achatzigiannis/tivit-logs/manual_training/sweeps/lowlogit_v1/epoch_003/calibration.json,0.008,0.01,0.06369990423531526,0.05031173038347654,0.4810382076208357,0.024891770032204948,0.0043289994696614304,0.06030795276906332,0.040315507997889764
1,/home/achatzigiannis/tivit-logs/manual_training/checkpoints/epoch_1.pt,/home/achatzigiannis/tivit-logs/manual_training/sweeps/lowlogit_v1/epoch_001/calibration.json,0.003,0.005,0.03823168196956997,0.03812088066623519,0.7726381162266128,0.0616332771422555,0.006163323368075085,0.03965450521913499,0.036587256113335395
